Source;Target;Type
TomaszSzymcza15;ahrifoxlovers;Directed
TomaszSzymcza15;LumaBun;Directed
TomaszSzymcza15;HoYoLAB_Mimo;Directed
TomaszSzymcza15;erdredraw;Directed
TomaszSzymcza15;azuredr62957758;Directed
TomaszSzymcza15;GenshinImpact;Directed
TomaszSzymcza15;Beiyi_;Directed
TomaszSzymcza15;xinzoruo;Directed
TomaszSzymcza15;Zy0x_;Directed
TomaszSzymcza15;FateGO_USA;Directed
TomaszSzymcza15;Genshinmem;Directed
TomaszSzymcza15;WholesomeMeme;Directed
LumaBun;HoYoLAB_Mimo;Directed
LumaBun;GenshinImpact;Directed
LumaBun;GhostingRaccoon;Directed
LumaBun;SipSipStefen;Directed
LumaBun;MercifulEmma;Directed
LumaBun;PlayOverwatch;Directed
HoYoLAB_Mimo;Pe_chkaa!;Directed
HoYoLAB_Mimo;nicanatz;Directed
HoYoLAB_Mimo;2bells1ravine!;Directed
HoYoLAB_Mimo;honkaistarrail;Directed
HoYoLAB_Mimo;Alphymia!;Directed
HoYoLAB_Mimo;YonesDraws;Directed
HoYoLAB_Mimo;kokonexu!;Directed
HoYoLAB_Mimo;vyecos!;Directed
HoYoLAB_Mimo;sakonlieur!;Directed
HoYoLAB_Mimo;shadeofacat_!;Directed
HoYoLAB_Mimo;HoYoFair_0;Directed
erdredraw;DoriMains;Directed
erdredraw;GenshinImpact;Directed
erdredraw;recehtapisayng;Directed
erdredraw;bot_RyukoKLK;Directed
azuredr62957758;RodsRetroplays;Directed
azuredr62957758;JustKiyan;Directed
azuredr62957758;CapriToast;Directed
azuredr62957758;cipher_over;Directed
azuredr62957758;Saber893;Directed
azuredr62957758;YuriAdmiral;Directed
azuredr62957758;TheMashStan;Directed
azuredr62957758;Pan_2950;Directed
GenshinImpact;2bells1ravine!;Directed
GenshinImpact;GenshinImpact;Directed
GenshinImpact;GenshinImpactTH;Directed
GenshinImpact;Vincen33977743;Directed
GenshinImpact;noolsisnools;Directed
GenshinImpact;Genshinmem;Directed
GenshinImpact;Saber_Akiyama;Directed
GenshinImpact;BraedennGames;Directed
GenshinImpact;carrot_ea7er;Directed
GenshinImpact;QilinxK;Directed
GenshinImpact;DoriMains;Directed
Pe_chkaa!;__sob0kdki;Directed
Pe_chkaa!;sssssatsukiiiii;Directed
nicanatz;taishi2458;Directed
2bells1ravine!;carrot_ea7er;Directed
__sob0kdki;Pe_chkaa;Directed
taishi2458;noooa_mizuk;Directed
taishi2458;omu_rice9;Directed
taishi2458;nano_yu0308;Directed
taishi2458;ruse_ff14;Directed
taishi2458;coco_meuB;Directed
GenshinImpactTH;glihttr;Directed
GenshinImpactTH;Saber_Akiyama;Directed
Pe_chkaa;sssssatsukiiiii;Directed
RodsRetroplays;IncarnatedFiend;Directed
RodsRetroplays;jaytheghoul;Directed
RodsRetroplays;SirPridam;Directed
RodsRetroplays;astraychicken;Directed
RodsRetroplays;WhiteVoidJoJo;Directed
RodsRetroplays;TrashRadio_;Directed
JustKiyan;okam150;Directed
JustKiyan;GreenKing26;Directed
JustKiyan;NeoSpacewaffles;Directed
JustKiyan;WhiteVoidJoJo;Directed
JustKiyan;Marinwooooo;Directed
JustKiyan;kibousenpai;Directed
JustKiyan;SKLoftwt;Directed
JustKiyan;BlockedForReal;Directed
JustKiyan;redonkled;Directed
JustKiyan;HueSweets;Directed
CapriToast;Tagon231;Directed
CapriToast;slooshievol2;Directed
CapriToast;c01a_;Directed
CapriToast;ArtTheGaleWind;Directed
CapriToast;GuyNamedCreep;Directed
cipher_over;jaytheghoul;Directed
cipher_over;Dora_x0x;Directed
cipher_over;NoctisAozaki;Directed
cipher_over;DailyShuten;Directed
cipher_over;WhiteVoidJoJo;Directed
cipher_over;redonkled;Directed
cipher_over;siegusto;Directed
cipher_over;LFVBF_II;Directed
cipher_over;NahimanaRaoul;Directed
IncarnatedFiend;OliverJia1014;Directed
IncarnatedFiend;DemonFrijolero;Directed
IncarnatedFiend;TacoSlayer69;Directed
IncarnatedFiend;The_Santo_;Directed
IncarnatedFiend;seanhiruki;Directed
IncarnatedFiend;KeltarDevir;Directed
IncarnatedFiend;SummerKiyohime;Directed
IncarnatedFiend;WhiteVoidJoJo;Directed
IncarnatedFiend;SirPridam;Directed
jaytheghoul;Unlimited_Her0;Directed
jaytheghoul;CrimsonKama020;Directed
jaytheghoul;DoubleXDynamic;Directed
jaytheghoul;Wyyyrd;Directed
jaytheghoul;CEOofNekoBoys;Directed
jaytheghoul;SirPridam;Directed
jaytheghoul;Leonard98080600;Directed
okam150;ErzasRightHand;Directed
okam150;artiosite;Directed
okam150;Niaojirou;Directed
okam150;Netflix_Poland;Directed
okam150;JosephH32149678;Directed
okam150;_qNhuw;Directed
okam150;nideaneng;Directed
okam150;OrehCursor;Directed
GreenKing26;kinkymation;Directed
GreenKing26;wilsonthegreen;Directed
GreenKing26;waifu_waifus;Directed
GreenKing26;berserker144;Directed
GreenKing26;MedusaArmpit;Directed
GreenKing26;kapisanart;Directed
GreenKing26;CrazyX91792976;Directed
GreenKing26;HentaiDimension;Directed
GreenKing26;YouTube;Directed
GreenKing26;Dragon_empor;Directed
GreenKing26;KaliidoS;Directed
GreenKing26;Ichigo19911;Directed
GreenKing26;zinfian;Directed
NeoSpacewaffles;SwappyThe;Directed
NeoSpacewaffles;Katsutacle;Directed
Katsutacle;astraychicken;Directed
Tagon231;s_e_t_h_w_;Directed
Tagon231;MrPanda62475170;Directed
Tagon231;Deluxe_Megaton;Directed
Tagon231;UnseenJapanSite;Directed
Tagon231;MorbiusDevo;Directed
Tagon231;BetaAntares;Directed
Tagon231;RiskTako;Directed
Tagon231;AlexzFool;Directed
Tagon231;LilyPi2;Directed
Tagon231;BryceC2000;Directed
slooshievol2;ArtTheGaleWind;Directed
Dora_x0x;VibrantHorror;Directed
Dora_x0x;SpineCricket;Directed
Dora_x0x;prototypell;Directed
Dora_x0x;Kevin11dolla;Directed
Dora_x0x;LFVBF_II;Directed
NoctisAozaki;SakuraCultist;Directed
NoctisAozaki;WhiteVoidJoJo;Directed
NoctisAozaki;SpineCricket;Directed
NoctisAozaki;VibrantHorror;Directed
NoctisAozaki;LFVBF_II;Directed
DailyShuten;notdtime;Directed
DailyShuten;GaggedSasuke;Directed
DailyShuten;MiddleNameChuck;Directed
DailyShuten;SpoonTsar;Directed
DailyShuten;B4dd1eAng3l;Directed
VibrantHorror;YuriAdmiral;Directed
VibrantHorror;LowTierUser101;Directed
VibrantHorror;ArsBuster;Directed
VibrantHorror;Sirius97522426;Directed
VibrantHorror;AllDrainSadism;Directed
VibrantHorror;prototypell;Directed
VibrantHorror;ziranamnamsu;Directed
VibrantHorror;eleven_christin;Directed
SpineCricket;LFVBF_II;Directed
SpineCricket;NyxN_Nova;Directed
SpineCricket;PlaiasuIustin;Directed
WhiteVoidJoJo;MothMomJess;Directed
WhiteVoidJoJo;SaberOfDragons;Directed
WhiteVoidJoJo;SummerKiyohime;Directed
WhiteVoidJoJo;wormontheground;Directed
WhiteVoidJoJo;SpiritsRiseXrd;Directed
WhiteVoidJoJo;hikikomuridesuu;Directed
WhiteVoidJoJo;Kawanmushi;Directed
WhiteVoidJoJo;kuro_yamado;Directed
Beiyi_;biy352296587801;Directed
Beiyi_;GioGiowryyyy;Directed
Beiyi_;hentailamb;Directed
Beiyi_;Alan_Yan_;Directed
Beiyi_;syveria0914;Directed
Beiyi_;osborn171819;Directed
Beiyi_;chikuzyou;Directed
Beiyi_;claralover69;Directed
Beiyi_;unswcse;Directed
Beiyi_;Vincen33977743;Directed
xinzoruo;Vincen33977743;Directed
xinzoruo;1535255391Black;Directed
xinzoruo;monophobia_0701;Directed
Zy0x_;ZacharyGordon;Directed
Zy0x_;noolsisnools;Directed
Zy0x_;bananakyot;Directed
Zy0x_;xiaopupsi;Directed
Zy0x_;GenshinUpdate;Directed
Zy0x_;BadPachimari;Directed
Zy0x_;snacksow;Directed
Zy0x_;Genshinmem;Directed
Zy0x_;aIatuss;Directed
Zy0x_;glihttr;Directed
Zy0x_;Sleeping_Kukui;Directed
Zy0x_;LunaRMidnight8;Directed
Zy0x_;wiiiiie_;Directed
FateGO_USA;Marinwooooo;Directed
Genshinmem;noolsisnools;Directed
Genshinmem;Terry03tan;Directed
Genshinmem;yourmommakinky;Directed
WholesomeMeme;trimara13;Directed
WholesomeMeme;Patrick12074;Directed
GioGiowryyyy;Yokohahasan;Directed
GioGiowryyyy;shadow__1113;Directed
GioGiowryyyy;mercury_lampV;Directed
GioGiowryyyy;QzuserX;Directed
GioGiowryyyy;samwang240;Directed
GioGiowryyyy;hu_lalalalala;Directed
GioGiowryyyy;Latiser_eth;Directed
GioGiowryyyy;LspGa;Directed
GioGiowryyyy;Peace__Calm;Directed
GioGiowryyyy;PDChinese;Directed
GioGiowryyyy;a20230309;Directed
GioGiowryyyy;sentoruisu61380;Directed
hentailamb;CNSpaceflight;Directed
hentailamb;SegerYu;Directed
hentailamb;SnowLotusFlame;Directed
hentailamb;EK_Valensvek;Directed
hentailamb;KpsZSU;Directed
hentailamb;visegrad24;Directed
hentailamb;DefenceU;Directed
hentailamb;Ukraine;Directed
hentailamb;MFA_Ukraine;Directed
hentailamb;aviation07101;Directed
Alan_Yan_;Evangeline_10__;Directed
Alan_Yan_;Enviosity;Directed
Alan_Yan_;teyvattabloid;Directed
Alan_Yan_;elonmusk;Directed
Alan_Yan_;HikeInstead;Directed
Alan_Yan_;SaraGonzalesTX;Directed
Alan_Yan_;unswcse;Directed
Alan_Yan_;sasaracore;Directed
syveria0914;_Mangic_;Directed
syveria0914;yakumosars;Directed
syveria0914;NatsumeMaya7;Directed
syveria0914;Jkarin_ARP;Directed
syveria0914;Estellaflare;Directed
osborn171819;tokumaru_tw;Directed
osborn171819;Lelechen945;Directed
osborn171819;aa26103004;Directed
osborn171819;Vincen33977743;Directed
chikuzyou;tanyarlfes;Directed
chikuzyou;babufess;Directed
chikuzyou;euntaesgf;Directed
claralover69;senpai_vic;Directed
claralover69;TheTrueArkher;Directed
claralover69;DisckoA;Directed
claralover69;SpeedL00ver;Directed
claralover69;Cheekie_;Directed
claralover69;shadertoons;Directed
claralover69;CombosDoodles;Directed
claralover69;FeminizingBetas;Directed
claralover69;avocadothefruit;Directed
claralover69;justausername3d;Directed
claralover69;lonupichi810;Directed
claralover69;Dinoboy5551;Directed
Yokohahasan;Fry_Kwok;Directed
Yokohahasan;JCMarkEvo;Directed
Yokohahasan;IShuoli;Directed
Yokohahasan;Vantasy15;Directed
Yokohahasan;sanchez38165;Directed
Yokohahasan;sentoruisu61380;Directed
Yokohahasan;MAtRiX_poorMarx;Directed
Yokohahasan;Yukino_CvO;Directed
Yokohahasan;huanghainutao;Directed
shadow__1113;BruceXL17;Directed
shadow__1113;harry_shosta;Directed
shadow__1113;zelongxp;Directed
shadow__1113;Coyote_2021;Directed
shadow__1113;wwx67751673;Directed
shadow__1113;GuonoLao;Directed
shadow__1113;eric_tigertiger;Directed
shadow__1113;daawenxi;Directed
shadow__1113;Qpigpig;Directed
shadow__1113;gana0w0;Directed
shadow__1113;KELMAND1;Directed
mercury_lampV;Teufel_Tigrov;Directed
mercury_lampV;Useless_Sora_;Directed
mercury_lampV;DivaV99562741;Directed
mercury_lampV;Sho8931919;Directed
mercury_lampV;Kusa_114514N;Directed
mercury_lampV;HG55891;Directed
QzuserX;powerhammer2077;Directed
QzuserX;jDd4dR0JQH8ohMi;Directed
QzuserX;dongxuelianhaha;Directed
QzuserX;Xingchensmiao;Directed
QzuserX;L9vLJs78ggoCLP7;Directed
samwang240;zhu0588;Directed
samwang240;xinwendiaocha;Directed
samwang240;realcaixia;Directed
samwang240;big_ear_cat;Directed
samwang240;wocaonimacc;Directed
samwang240;DX99889;Directed
samwang240;h5LPyKL7TP6jjop;Directed
samwang240;Danqing1953;Directed
samwang240;xiaojingcanxue;Directed
samwang240;hu_lalalalala;Directed
hu_lalalalala;Latiser_eth;Directed
Latiser_eth;myfxtrader;Directed
Latiser_eth;liusichangc;Directed
Latiser_eth;zhaoworld;Directed
Latiser_eth;zekward_wax;Directed
Latiser_eth;MotulX22;Directed
Latiser_eth;NATO;Directed
Latiser_eth;sweetie_rt;Directed
Latiser_eth;Hnbhger17;Directed
Latiser_eth;realshennan;Directed
Latiser_eth;kage20121229;Directed
Latiser_eth;pony_778;Directed
Latiser_eth;simplewebs;Directed
Latiser_eth;Clinton1357911;Directed
LspGa;wakeup_arrow;Directed
Peace__Calm;PDChinese;Directed
Peace__Calm;XIAOMIEHM;Directed
Peace__Calm;yan46268652;Directed
Peace__Calm;xiangli001;Directed
Peace__Calm;esJTgoZIQy1SCwN;Directed
Peace__Calm;heanquan;Directed
Peace__Calm;gl2015busiless;Directed
Peace__Calm;JohnZhangSV;Directed
Peace__Calm;wangdan1989;Directed
Peace__Calm;dngxiopngrsh1;Directed
Peace__Calm;chinatransition;Directed
xiaojingcanxue;Dust2CloudRain;Directed
CNSpaceflight;aang254;Directed
CNSpaceflight;AnthonyJCook2;Directed
CNSpaceflight;davehuntsman;Directed
SegerYu;vony7_;Directed
SegerYu;JISENMEIKONG;Directed
SegerYu;PhilLeafCN;Directed
SnowLotusFlame;EK_Valensvek;Directed
SnowLotusFlame;KpsZSU;Directed
SnowLotusFlame;visegrad24;Directed
SnowLotusFlame;DefenceU;Directed
SnowLotusFlame;Ukraine;Directed
SnowLotusFlame;MFA_Ukraine;Directed
SnowLotusFlame;mirik_trk;Directed
SnowLotusFlame;Xiaomi;Directed
SnowLotusFlame;nssdatta;Directed
SnowLotusFlame;ChairOlek;Directed
SnowLotusFlame;TheNatlInterest;Directed
EK_Valensvek;M05t1ma;Directed
EK_Valensvek;MoNDefense;Directed
EK_Valensvek;lelelelena;Directed
EK_Valensvek;LiaOfTheBay;Directed
EK_Valensvek;yanjukaoe;Directed
EK_Valensvek;combine_visivm;Directed
EK_Valensvek;NoContextBrits;Directed
EK_Valensvek;osudaikirai;Directed
EK_Valensvek;rebecca_hoshino;Directed
visegrad24;Artur_Micek;Directed
visegrad24;RaduHossu;Directed
visegrad24;CaesarsOmen;Directed
DefenceU;ivlevyorke;Directed
DefenceU;@ZelenskyyUa;Directed
DefenceU;SOF_UKR;Directed
DefenceU;ZelenskyyUa;Directed
Ukraine;united24media;Directed
MFA_Ukraine;ZelenskyyUa;Directed
MFA_Ukraine;ZelenskyyUa:;Directed
MFA_Ukraine;@ZelenskyyUa:;Directed
aviation07101;AbdNav2K2;Directed
aviation07101;DFI_Sancho;Directed
aviation07101;skotrds;Directed
aviation07101;talhaahmad967;Directed
aviation07101;Ramandeep_Bajwa;Directed
aviation07101;Thecolistin;Directed
aviation07101;EricNewton2020;Directed
aviation07101;Umer_ibn_Ramzan;Directed
aviation07101;spawnofKahn;Directed
yanjukaoe;yourmommakinky;Directed
rebecca_hoshino;Dust2CloudRain;Directed
Evangeline_10__;leclercgasIy;Directed
Evangeline_10__;kimigobwoah;Directed
Evangeline_10__;formulawhatever;Directed
Evangeline_10__;esserefottuti;Directed
Evangeline_10__;FanaticsFerrari;Directed
Evangeline_10__;ScuderiaFerrari;Directed
Evangeline_10__;ChrisMedlandF1;Directed
Evangeline_10__;formularacers_;Directed
Evangeline_10__;dejanaacm;Directed
Enviosity;Raiden_Jay21;Directed
teyvattabloid;xiaopupsi;Directed
teyvattabloid;MandlechaIdhant;Directed
teyvattabloid;eleven_christin;Directed
elonmusk;KanekoaTheGreat;Directed
elonmusk;johnkrausphotos;Directed
elonmusk;Jason;Directed
elonmusk;Reddit;Directed
elonmusk;glennbeck;Directed
elonmusk;TitterDaily;Directed
elonmusk;dogeofficialceo;Directed
elonmusk;gregg_re;Directed
elonmusk;GRDecter;Directed
elonmusk;PirateWires;Directed
elonmusk;engineers_feed;Directed
HikeInstead;ArtByAlida;Directed
SaraGonzalesTX;ForestMommy;Directed
SaraGonzalesTX;KerryDonovanCO;Directed
SaraGonzalesTX;_Drew27_;Directed
SaraGonzalesTX;deltadweller;Directed
SaraGonzalesTX;NuanceBro;Directed
SaraGonzalesTX;Karma_Bull;Directed
SaraGonzalesTX;jason_howerton;Directed
SaraGonzalesTX;boburnham;Directed
SaraGonzalesTX;ShelbyHWilliams;Directed
SaraGonzalesTX;_TimSwain_;Directed
SaraGonzalesTX;realJamesKlug;Directed
SaraGonzalesTX;chrislpeavey;Directed
sasaracore;hatogaia;Directed
sasaracore;Lumil0mi;Directed
hatogaia;penguinyworm;Directed
_Mangic_;hIf6TRJNRwkorku;Directed
_Mangic_;rokakikiii;Directed
_Mangic_;谢@CangShu_Nia;Directed
_Mangic_;Lulu_114514;Directed
_Mangic_;BlackX016;Directed
_Mangic_;Chocological_24;Directed
yakumosars;artstationhq;Directed
NatsumeMaya7;wzych0310;Directed
NatsumeMaya7;BD_Sister;Directed
NatsumeMaya7;lijianjiaa;Directed
NatsumeMaya7;nainaimislut;Directed
NatsumeMaya7;bleuets_ki;Directed
NatsumeMaya7;ariall_cat;Directed
NatsumeMaya7;asche_0;Directed
NatsumeMaya7;EbiEbiway555;Directed
Jkarin_ARP;asche_0;Directed
Jkarin_ARP;miqo_shirosaki;Directed
Jkarin_ARP;Skye_FFXIV;Directed
Jkarin_ARP;dew_snowy;Directed
Jkarin_ARP;ansaier3;Directed
Estellaflare;XMXver1;Directed
Estellaflare;VqpV1QuNPyJifo0;Directed
Estellaflare;WINDSONGG2;Directed
Estellaflare;eariliyarain;Directed
Estellaflare;LikeHuazai;Directed
tokumaru_tw;Nieh1214;Directed
tokumaru_tw;Monmon_tw;Directed
tokumaru_tw;Jamesthrone1976;Directed
Lelechen945;5033gate;Directed
Lelechen945;lu1993gao;Directed
Lelechen945;Alpha362605;Directed
Lelechen945;israellim5;Directed
Lelechen945;chenyiseven;Directed
Lelechen945;kkkatie77;Directed
Lelechen945;super4223061583;Directed
aa26103004;kbthree_small;Directed
aa26103004;ckfXoY8YXY4wZiI;Directed
aa26103004;D208069;Directed
aa26103004;ucvrezno;Directed
aa26103004;Rn9Jom8Q2h98R5P;Directed
aa26103004;LlG26098291;Directed
aa26103004;zerosevenzero07;Directed
Vincen33977743;paimon_genshin7;Directed
Vincen33977743;gosangeee;Directed
Vincen33977743;issign;Directed
Vincen33977743;9ujin_;Directed
paimon_genshin7;wiiiiie_;Directed
babufess;iloveyouu1717;Directed
babufess;hafy_rotation;Directed
euntaesgf;V0LUSPA;Directed
euntaesgf;ssefnum;Directed
euntaesgf;nymvh;Directed
senpai_vic;tinnies0_0;Directed
senpai_vic;Djwhiteboooty;Directed
senpai_vic;qtssb1;Directed
senpai_vic;Post_Rumi;Directed
senpai_vic;TheTrueArkher;Directed
senpai_vic;Acefreak95;Directed
senpai_vic;SeiryuMajin;Directed
senpai_vic;BRLL_brll;Directed
senpai_vic;norzaxxx;Directed
TheTrueArkher;OllyxPop;Directed
TheTrueArkher;rinkouashelia;Directed
TheTrueArkher;On_TheBounce;Directed
TheTrueArkher;paulozadias;Directed
TheTrueArkher;benkold2015;Directed
TheTrueArkher;LilryaVReverie;Directed
TheTrueArkher;zoune_shot;Directed
TheTrueArkher;1Jcdr;Directed
TheTrueArkher;ihatethiskid;Directed
TheTrueArkher;ShitpostGate;Directed
DisckoA;daStrubble;Directed
DisckoA;DropYuh;Directed
DisckoA;justB3D;Directed
DisckoA;Garywiseman14;Directed
DisckoA;WhitecastleN;Directed
DisckoA;JohnDoe11770371;Directed
DisckoA;arhoangel;Directed
DisckoA;tvitone1;Directed
SpeedL00ver;Arcb3am;Directed
SpeedL00ver;WeeabooOper8r;Directed
SpeedL00ver;NekoSketches;Directed
SpeedL00ver;InsanoGeneral;Directed
SpeedL00ver;pvtMHunter;Directed
SpeedL00ver;The_Icky_Sticky;Directed
SpeedL00ver;DucDeVinny;Directed
SpeedL00ver;Mearly_Mearlish;Directed
SpeedL00ver;JP_Criacoes;Directed
SpeedL00ver;Sin_Salt;Directed
SpeedL00ver;meterman171;Directed
Cheekie_;Solid_Skullz;Directed
Cheekie_;Toonguy100;Directed
Cheekie_;XLauncher2;Directed
Cheekie_;GoldenSparrowx;Directed
Cheekie_;takaNakayama;Directed
Cheekie_;MN0Luffy;Directed
Cheekie_;DudespostingWs;Directed
Cheekie_;JanRockArt;Directed
CombosDoodles;vladikakaka;Directed
CombosDoodles;Zaknimb;Directed
CombosDoodles;Negromante999;Directed
CombosDoodles;ikesCG;Directed
CombosDoodles;rezodwel;Directed
CombosDoodles;gwylix;Directed
CombosDoodles;kajinman_art;Directed
CombosDoodles;psuedofolio;Directed
CombosDoodles;arvalis;Directed
CombosDoodles;justausername3d;Directed
FeminizingBetas;vainilllatrap;Directed
FeminizingBetas;ItsPrincessEmmy;Directed
FeminizingBetas;kawaiicrusade;Directed
FeminizingBetas;ckosxxx;Directed
FeminizingBetas;NotChipy;Directed
avocadothefruit;candehyaluvr;Directed
avocadothefruit;TylerPe73110824;Directed
avocadothefruit;prairz;Directed
avocadothefruit;lart_art1;Directed
avocadothefruit;aliz_sf;Directed
justausername3d;Ashtarte3DX;Directed
justausername3d;SecondarySubtle;Directed
justausername3d;Fib_Art;Directed
justausername3d;UthstarDigital;Directed
justausername3d;redman3d;Directed
justausername3d;WigglytuffM;Directed
justausername3d;ButtHngry;Directed
justausername3d;gifdoozer;Directed
justausername3d;Major_Guardian;Directed
lonupichi810;_286456;Directed
lonupichi810;pinknishii;Directed
lonupichi810;catie_exe;Directed
lonupichi810;MAXIMUNPOWERS;Directed
lonupichi810;Wetpancake0112;Directed
lonupichi810;saucyroxie;Directed
lonupichi810;cyanafterhours;Directed
Dinoboy5551;Rigid3D;Directed
Dinoboy5551;fugtrup;Directed
Dinoboy5551;BreadblackNSFW;Directed
Dinoboy5551;datquil;Directed
Dinoboy5551;UberMachineWork;Directed
Dinoboy5551;emberstock1;Directed
Dinoboy5551;Rule2754;Directed
Dinoboy5551;rwt4184;Directed
Dinoboy5551;ecksoh;Directed
Dinoboy5551;thiccboysteven;Directed
Dinoboy5551;Scamarai1;Directed
ShitpostGate;JuniorGP19;Directed
prairz;childe_doodles;Directed
prairz;tighnarism;Directed
prairz;VanillBee;Directed
Wetpancake0112;yourmommakinky;Directed
1535255391Black;azhua1997;Directed
1535255391Black;keikakutori9;Directed
1535255391Black;childe_doodles;Directed
1535255391Black;penguinyworm;Directed
1535255391Black;Dust2CloudRain;Directed
1535255391Black;chengzimiaoj;Directed
1535255391Black;chengzimiaoji1;Directed
1535255391Black;DaFoer_;Directed
1535255391Black;Daguidiyi;Directed
1535255391Black;PlaHill7;Directed
1535255391Black;yexiuuuuuuuuu;Directed
1535255391Black;AlzzziMi;Directed
keikakutori9;HutaoLover77;Directed
keikakutori9;386_hana;Directed
keikakutori9;lovelov73933151;Directed
keikakutori9;Asproes;Directed
keikakutori9;IRAS_17514_;Directed
keikakutori9;arima1728_;Directed
keikakutori9;wng09012405;Directed
keikakutori9;Dancemuzik3;Directed
childe_doodles;EimikoPosts;Directed
childe_doodles;ayatoesimp;Directed
childe_doodles;ajaxrvl;Directed
childe_doodles;BestBoobsFr;Directed
childe_doodles;kaeyaslily;Directed
childe_doodles;penguinyworm;Directed
penguinyworm;vinaegir;Directed
penguinyworm;Wolf2z0;Directed
penguinyworm;antithesiscrow;Directed
penguinyworm;tanitbox;Directed
penguinyworm;lurkingredpanda;Directed
Dust2CloudRain;Aquartoffel;Directed
Dust2CloudRain;torontobigface;Directed
Dust2CloudRain;ZH0NGER;Directed
Dust2CloudRain;timoskyflan;Directed
Dust2CloudRain;ATshayu;Directed
Dust2CloudRain;xyberdolls;Directed
Dust2CloudRain;xybereum;Directed
Dust2CloudRain;xyberlabs;Directed
chengzimiaoj;Daguidiyi;Directed
chengzimiaoj;xiaoyouzi1314;Directed
chengzimiaoj;GuuCrypto;Directed
chengzimiaoj;xixi8848;Directed
chengzimiaoj;jianjian_02;Directed
chengzimiaoj;DaFoer_;Directed
chengzimiaoj;Fojiangnice;Directed
chengzimiaoj;cnbo97012932;Directed
chengzimiaoj;glasserror;Directed
chengzimiaoj;chengzimiaoji1;Directed
chengzimiaoji1;：@chengzimiaoj;Directed
chengzimiaoji1;：@DaFoer_;Directed
chengzimiaoji1;Daguidiyi;Directed
chengzimiaoji1;Fojiangnice;Directed
chengzimiaoji1;LJ44518708;Directed
chengzimiaoji1;：@xyberdolls;Directed
chengzimiaoji1;xyberlabs;Directed
chengzimiaoji1;xybereum;Directed
chengzimiaoji1;jichoihere;Directed
chengzimiaoji1;actuallyemmyy;Directed
PlaHill7;tsukimibashi_lz;Directed
PlaHill7;Thvjfgdyj19_20;Directed
PlaHill7;SIORItotomoni;Directed
yexiuuuuuuuuu;Axis_zhou;Directed
yexiuuuuuuuuu;_Chuzenji_;Directed
yexiuuuuuuuuu;MariaMari0nette;Directed
yexiuuuuuuuuu;patkLUGWLfxw3H7;Directed
yexiuuuuuuuuu;Aza_VirtuaReal;Directed
yexiuuuuuuuuu;shxtou;Directed
yexiuuuuuuuuu;Fulgur_Ovid;Directed
AlzzziMi;aimoahmed;Directed
AlzzziMi;Rattle_Resists;Directed
AlzzziMi;liexia_233;Directed
AlzzziMi;itsLimcube;Directed
AlzzziMi;JordiJasper_;Directed
AlzzziMi;Lenosallose;Directed
AlzzziMi;_X_shF;Directed
shxtou;windflowerlia;Directed
ZacharyGordon;privecyno;Directed
ZacharyGordon;tighnarism;Directed
ZacharyGordon;AmberRoxxIsGone;Directed
ZacharyGordon;dailytighnadraw;Directed
ZacharyGordon;ARand0mghost;Directed
ZacharyGordon;Alexeahda;Directed
ZacharyGordon;BearKoye;Directed
ZacharyGordon;KimeYuh;Directed
ZacharyGordon;CyYuVtuber;Directed
ZacharyGordon;001periwinkle;Directed
ZacharyGordon;Sasukequeen3;Directed
ZacharyGordon;windflowerlia;Directed
noolsisnools;glihttr;Directed
noolsisnools;honkaistarrail;Directed
bananakyot;Sleeping_Kukui;Directed
bananakyot;jepfriesjep;Directed
xiaopupsi;LunaRMidnight8;Directed
xiaopupsi;wiiiiie_;Directed
xiaopupsi;Moosashiden;Directed
xiaopupsi;MandlechaIdhant;Directed
xiaopupsi;AsianGuyStream;Directed
GenshinUpdate;wiiiiie_;Directed
GenshinUpdate;Rachii_Chan;Directed
GenshinUpdate;iloveyouu1717;Directed
GenshinUpdate;Saber_Akiyama;Directed
GenshinUpdate;plus_Q_;Directed
BadPachimari;HashflagNow;Directed
BadPachimari;overwatchleague;Directed
BadPachimari;snacksow;Directed
BadPachimari;chimyuiku;Directed
BadPachimari;BenZy__;Directed
BadPachimari;7LionsOW;Directed
BadPachimari;JkAru19;Directed
BadPachimari;eviegaffney;Directed
BadPachimari;baeenelle;Directed
snacksow;TaskForceNews;Directed
snacksow;P3t9L;Directed
snacksow;nyaw_ow;Directed
snacksow;owJabo;Directed
snacksow;GirlsFrontlineE;Directed
snacksow;ComicLoverMari;Directed
snacksow;Sanjistars;Directed
snacksow;Door_Casts;Directed
snacksow;iiKoniq;Directed
snacksow;Surefour;Directed
snacksow;SamitoFPS;Directed
aIatuss;dragnmaid;Directed
aIatuss;kouryeon;Directed
aIatuss;ye_janna;Directed
aIatuss;bakichuya;Directed
privecyno;cinenyo;Directed
privecyno;daikyto9;Directed
privecyno;htoratsi;Directed
privecyno;HAlRPiN;Directed
privecyno;achillleo;Directed
privecyno;inklyn_;Directed
tighnarism;tehaxo;Directed
tighnarism;kavpogi;Directed
tighnarism;goatnaris;Directed
tighnarism;iHrtXion;Directed
AmberRoxxIsGone;morreu75;Directed
AmberRoxxIsGone;meka_xp;Directed
AmberRoxxIsGone;Acryllic21;Directed
AmberRoxxIsGone;RespectfulMemes;Directed
AmberRoxxIsGone;134_TJU;Directed
AmberRoxxIsGone;Doctoraltcoin1;Directed
AmberRoxxIsGone;MagdalenaLewa19;Directed
AmberRoxxIsGone;VioletStraFish;Directed
dailytighnadraw;TanjaGamercat2;Directed
dailytighnadraw;helquist11;Directed
dailytighnadraw;gladioluspea;Directed
dailytighnadraw;scarameowdoodls;Directed
dailytighnadraw;That_oc972;Directed
dailytighnadraw;chuuyas_spouse;Directed
ARand0mghost;mewmewti;Directed
ARand0mghost;_ceniwen;Directed
ARand0mghost;fuganaoto;Directed
ARand0mghost;ProjectHeatFNF;Directed
ARand0mghost;Zeriq_5;Directed
ARand0mghost;GenshinCollect;Directed
ARand0mghost;Tanakahxx;Directed
BearKoye;NazeehTarsha;Directed
BearKoye;sleepysheepytwi;Directed
BearKoye;marshiibuns;Directed
KimeYuh;Unicorn_Souchi;Directed
KimeYuh;CyYuVtuber;Directed
KimeYuh;Mateusz24139518;Directed
KimeYuh;vagomundou;Directed
CyYuVtuber;flamingkeigo;Directed
CyYuVtuber;AlphaAniki;Directed
CyYuVtuber;SyllaAria;Directed
CyYuVtuber;SupremeNSH;Directed
CyYuVtuber;justa_cloud;Directed
CyYuVtuber;Sasukequeen3;Directed
001periwinkle;reveljaz;Directed
_ceniwen;yourmommakinky;Directed
NazeehTarsha;benbevoicing;Directed
glihttr;lovlycat_san;Directed
glihttr;love_sxng;Directed
glihttr;khoidaooo;Directed
glihttr;kanafishmae;Directed
glihttr;ReikiTeas;Directed
glihttr;kazuped;Directed
glihttr;Silent_Silh;Directed
glihttr;m15t34;Directed
glihttr;kazuhleaf;Directed
honkaistarrail;AppStoreGames;Directed
honkaistarrail;Terry03tan;Directed
honkaistarrail;DoriMains;Directed
honkaistarrail;windflowerlia;Directed
honkaistarrail;Kzalcaa;Directed
khoidaooo;benbevoicing;Directed
Sleeping_Kukui;yoognified;Directed
Sleeping_Kukui;lgbtanime;Directed
Sleeping_Kukui;thegameawards;Directed
Sleeping_Kukui;Pokemon;Directed
Sleeping_Kukui;PokemonNewsUK;Directed
jepfriesjep;reinajoneli;Directed
jepfriesjep;vepantino;Directed
wiiiiie_;Chuzhiwu;Directed
wiiiiie_;Stanley12313975;Directed
wiiiiie_;2skyB;Directed
wiiiiie_;Roodie77;Directed
wiiiiie_;This_is_Halcyy;Directed
wiiiiie_;wizkidsoldiers;Directed
wiiiiie_;Prod_Esko;Directed
Moosashiden;mekbubie;Directed
Moosashiden;neochuuya;Directed
Moosashiden;absinthextabby;Directed
Moosashiden;CrimsonAkato36X;Directed
Moosashiden;Rummibeer;Directed
MandlechaIdhant;andersonpena111;Directed
MandlechaIdhant;westjett1;Directed
MandlechaIdhant;SecretRorii;Directed
MandlechaIdhant;Teyvattabloid2;Directed
MandlechaIdhant;sherIyyyyyyy;Directed
MandlechaIdhant;deepansuman77;Directed
MandlechaIdhant;MitchMan;Directed
MandlechaIdhant;therealzorex;Directed
MandlechaIdhant;RyuuGie;Directed
AsianGuyStream;sakimewo;Directed
AsianGuyStream;fobm4ster;Directed
AsianGuyStream;dexbeefy;Directed
AsianGuyStream;eaJPark;Directed
AsianGuyStream;DEMONDICEKaren;Directed
AsianGuyStream;Girl_Dm_;Directed
AsianGuyStream;jaaychung;Directed
westjett1;sherIyyyyyyy;Directed
sherIyyyyyyy;MercifulEmma;Directed
sherIyyyyyyy;tdawggVAL;Directed
sherIyyyyyyy;unisheeps7881;Directed
sherIyyyyyyy;WxnterHeartGirl;Directed
sherIyyyyyyy;itzkeegz;Directed
sherIyyyyyyy;deepansuman77;Directed
sherIyyyyyyy;lynzr_;Directed
sherIyyyyyyy;yvngpatek;Directed
sherIyyyyyyy;Muhamma62635683;Directed
Rachii_Chan;Tale_of_Food_EN;Directed
Rachii_Chan;isralennt;Directed
Rachii_Chan;qwertdwlrma;Directed
Rachii_Chan;bat_zd;Directed
Rachii_Chan;miyaweii95;Directed
iloveyouu1717;biittertaste;Directed
iloveyouu1717;WEBCOMICFESS;Directed
iloveyouu1717;HotaruO7;Directed
iloveyouu1717;hiorriyo;Directed
Saber_Akiyama;oneplus;Directed
Saber_Akiyama;MicaBurton;Directed
Saber_Akiyama;DattosDestiny;Directed
Saber_Akiyama;emiru;Directed
Saber_Akiyama;JessicaNigri;Directed
Saber_Akiyama;essencemakeup;Directed
Saber_Akiyama;pun_rii;Directed
overwatchleague;magmag1219;Directed
overwatchleague;ow_mn3;Directed
overwatchleague;OW_Zest;Directed
overwatchleague;FiXa_ow;Directed
overwatchleague;skewedOw;Directed
overwatchleague;GZCharge;Directed
overwatchleague;Infernal;Directed
overwatchleague;NYExcelsior;Directed
overwatchleague;Sniper_OW;Directed
overwatchleague;kindredOW;Directed
overwatchleague;Hangzhou_Spark's;Directed
overwatchleague;Hangzhou_Spark;Directed
overwatchleague;BostonUprising;Directed
overwatchleague;Spitfire;Directed
overwatchleague;chimyuiku;Directed
chimyuiku;VegasEternal;Directed
chimyuiku;graxwell;Directed
chimyuiku;gardenoftehsunn;Directed
chimyuiku;samipekoe;Directed
chimyuiku;NYExcelsior;Directed
chimyuiku;Sniper_OW;Directed
chimyuiku;kindredOW;Directed
chimyuiku;bun_fps;Directed
chimyuiku;gosubutters;Directed
chimyuiku;BallSackEsport;Directed
BenZy__;Staaandy;Directed
BenZy__;GGBreakingPoint;Directed
BenZy__;gurshaan;Directed
BenZy__;AARONCREATE;Directed
BenZy__;Bahsko;Directed
BenZy__;CARLIEB0T;Directed
BenZy__;arsious;Directed
BenZy__;AOECreative;Directed
BenZy__;UTABasement;Directed
BenZy__;crriicket;Directed
BenZy__;JakeHaleee;Directed
BenZy__;astatementof;Directed
BenZy__;erinzakin;Directed
BenZy__;BadPachimari,;Directed
BenZy__;connywinn;Directed
BenZy__;TimsTakesCDL;Directed
7LionsOW;___Chaotic;Directed
7LionsOW;Smexy;Directed
7LionsOW;iamforgotten_1;Directed
7LionsOW;JkAru19;Directed
7LionsOW;Rydarus;Directed
7LionsOW;WMaimone_OW;Directed
7LionsOW;alexsayurii;Directed
7LionsOW;F8TE3D;Directed
7LionsOW;Backbone_ow;Directed
JkAru19;smexy;Directed
JkAru19;anarchyasf;Directed
JkAru19;dough__zee;Directed
JkAru19;FuckItsuper;Directed
JkAru19;Almostpanda_;Directed
JkAru19;WMaimone_OW;Directed
JkAru19;Jarew_OW;Directed
JkAru19;WISPGGs;Directed
JkAru19;KylePackard11;Directed
JkAru19;TeamPepsMAX;Directed
JkAru19;BostonUprising;Directed
eviegaffney;Culaetus;Directed
eviegaffney;beepiiii;Directed
eviegaffney;29x69;Directed
eviegaffney;iamforgotten_1;Directed
eviegaffney;hellakatx;Directed
eviegaffney;Princess_Goose3;Directed
eviegaffney;nelicsv;Directed
eviegaffney;wadejpeg;Directed
baeenelle;veronica_tgxo;Directed
baeenelle;_darrilyn;Directed
baeenelle;edclements;Directed
baeenelle;mrsladybre;Directed
baeenelle;torrie_clark;Directed
baeenelle;Amir9999;Directed
baeenelle;mrhughes99;Directed
baeenelle;DRusso97;Directed
baeenelle;shannonrwatts;Directed
TaskForceNews;WhosImmortal;Directed
TaskForceNews;RavenSoftware;Directed
TaskForceNews;TheGhostOfHope;Directed
TaskForceNews;BadBoyBeaman;Directed
TaskForceNews;ModernWarzone;Directed
TaskForceNews;NitroLukeDX;Directed
P3t9L;TheePapaJoe;Directed
P3t9L;lueyow;Directed
P3t9L;BallSackEsport;Directed
P3t9L;0WCRA;Directed
P3t9L;Still_Willy;Directed
P3t9L;chvime;Directed
P3t9L;MirroR_ow;Directed
P3t9L;GeorgeCGed;Directed
P3t9L;abd4laTX;Directed
nyaw_ow;owCYA;Directed
nyaw_ow;owJabo;Directed
nyaw_ow;LowTiierGod;Directed
nyaw_ow;KingCrimson1187;Directed
owJabo;CompadeG;Directed
owJabo;kyidk;Directed
owJabo;azuralikespatd;Directed
ComicLoverMari;ktwagie;Directed
ComicLoverMari;bruh78669;Directed
ComicLoverMari;CallofGhidorah;Directed
ComicLoverMari;Etherwinter;Directed
ComicLoverMari;dontcry3816699;Directed
ComicLoverMari;bootleghomiee;Directed
ComicLoverMari;KuriimuTenshi;Directed
Sanjistars;SuperStationCr1;Directed
Sanjistars;JayDlegend;Directed
Sanjistars;Kaito7cm;Directed
Sanjistars;morphinducky;Directed
Sanjistars;kareemmpie;Directed
Sanjistars;unonumero_56;Directed
Sanjistars;jayvonXO;Directed
Sanjistars;Cmon_57;Directed
Sanjistars;Geo_AW;Directed
Sanjistars;ZeinyaXO;Directed
Door_Casts;IllusiveHunter;Directed
Door_Casts;DarkSideEren;Directed
Door_Casts;sen_ebooks;Directed
Door_Casts;OGCaptainBen10;Directed
Door_Casts;rupalzaman;Directed
Door_Casts;EskayOW;Directed
Door_Casts;danteh;Directed
Door_Casts;SparkR_OW;Directed
Door_Casts;punkinoz;Directed
Door_Casts;KarmaOW_13;Directed
iiKoniq;UncommonElz;Directed
iiKoniq;kjace1301;Directed
iiKoniq;KingMild;Directed
iiKoniq;OopaDoopa;Directed
iiKoniq;uwu_deZ;Directed
Surefour;Strippin;Directed
Surefour;DJellyPeanut;Directed
Surefour;BrettUltimus;Directed
Surefour;RainhoeVT;Directed
Surefour;kamochiruu;Directed
Surefour;HuntressSpectre;Directed
Surefour;CounterStrike;Directed
Surefour;JakeSucky;Directed
SamitoFPS;AverageJoeWo;Directed
SamitoFPS;KingProdigyTV;Directed
SamitoFPS;jonunderscor;Directed
SamitoFPS;Kronus_OW;Directed
SamitoFPS;aaronkellerOW;Directed
SamitoFPS;GW_Alec;Directed
SamitoFPS;Adobe;Directed
SamitoFPS;fpsKabe;Directed
SamitoFPS;danteh;Directed
SamitoFPS;FalseOw;Directed
SamitoFPS;theMoneyFolder;Directed
SamitoFPS;Syndicate;Directed
aaronkellerOW;retro_wen;Directed
dragnmaid;qiirong;Directed
ye_janna;alibidobedooo;Directed
bakichuya;moumoze;Directed
bakichuya;kazumainhoe;Directed
GhostingRaccoon;luz0ra;Directed
GhostingRaccoon;mothbugg;Directed
GhostingRaccoon;SleepySage__;Directed
GhostingRaccoon;croweclipsa;Directed
SipSipStefen;Sasukequeen3;Directed
SipSipStefen;BraedennGames;Directed
MercifulEmma;HoshizoraOW;Directed
MercifulEmma;MidaHakiva;Directed
MercifulEmma;TheRogueEnergy;Directed
MercifulEmma;WxnterHeartGirl;Directed
MercifulEmma;itzkeegz;Directed
MercifulEmma;smug_alana;Directed
MercifulEmma;_Junk_;Directed
MercifulEmma;official_throne;Directed
PlayOverwatch;nandoida;Directed
PlayOverwatch;TicklemypickIe4;Directed
PlayOverwatch;sf_Nerdy;Directed
PlayOverwatch;LaprasAndLucia;Directed
PlayOverwatch;retro_wen;Directed
PlayOverwatch;Junior_Junes;Directed
PlayOverwatch;SnowWolf935;Directed
PlayOverwatch;prodAbsono;Directed
PlayOverwatch;palkthepalk;Directed
Alphymia!;BiotifulArt;Directed
Alphymia!;_milkymilktea;Directed
Alphymia!;skyverlash;Directed
YonesDraws;BetaWargod;Directed
kokonexu!;To42for;Directed
kokonexu!;Natalie33788298;Directed
kokonexu!;HerrGurkepfan;Directed
kokonexu!;artasaid13;Directed
kokonexu!;CelestLumina;Directed
kokonexu!;xiao2750049002;Directed
vyecos!;c_01cos;Directed
vyecos!;OtomeEmblem;Directed
vyecos!;studiotsutsu;Directed
vyecos!;HenchwenchMakes;Directed
vyecos!;Tankii;Directed
sakonlieur!;tsuki_nonono;Directed
sakonlieur!;Miqoting;Directed
sakonlieur!;kaelakovalskia;Directed
sakonlieur!;YuuKaeya;Directed
sakonlieur!;Terry03tan;Directed
sakonlieur!;hafy_rotation;Directed
shadeofacat_!;Raiden_Jay21;Directed
shadeofacat_!;ibarra_ivan09_;Directed
shadeofacat_!;eywa__;Directed
shadeofacat_!;VanillBee;Directed
shadeofacat_!;yourmommakinky;Directed
shadeofacat_!;QilinxK;Directed
carrot_ea7er;jakeshieldsajj;Directed
carrot_ea7er;Sailen0;Directed
carrot_ea7er;Kim015_;Directed
carrot_ea7er;2bells1ravine;Directed
carrot_ea7er;BNDYVADER;Directed
carrot_ea7er;Salty_Nay;Directed
carrot_ea7er;unclefurro;Directed
BiotifulArt;IndigoScribbles;Directed
BiotifulArt;FateR02;Directed
BiotifulArt;SparksSummer465;Directed
BiotifulArt;Alphymia;Directed
BiotifulArt;chiemyu_;Directed
BiotifulArt;Puffyko;Directed
BiotifulArt;skyverlash;Directed
_milkymilktea;EliaStellaria;Directed
_milkymilktea;Junech3;Directed
skyverlash;koziichu;Directed
skyverlash;artbyminimalist;Directed
skyverlash;LionSpace1;Directed
BetaWargod;zero_0802;Directed
BetaWargod;Distrbeachboy;Directed
BetaWargod;sueki_de_enoki;Directed
BetaWargod;srclr_hyp;Directed
BetaWargod;tukudani01;Directed
BetaWargod;miniphim;Directed
BetaWargod;utsuhostoria_;Directed
BetaWargod;HoYoFair_0;Directed
BetaWargod;daydarion;Directed
BetaWargod;suko_yaka93;Directed
BetaWargod;rKG2ZPANl0Z5J2r;Directed
BetaWargod;masoq095;Directed
Natalie33788298;845Plaza;Directed
Natalie33788298;elseverwoerd;Directed
Natalie33788298;GiacomoTrivel;Directed
Natalie33788298;HalleBailey;Directed
Natalie33788298;kokonexu;Directed
Natalie33788298;5656hayururi;Directed
HerrGurkepfan;HerrGurke;Directed
HerrGurkepfan;VALORANTLeaksEN;Directed
HerrGurkepfan;LeonHPunkt;Directed
HerrGurkepfan;Gurkenschaeller;Directed
HerrGurkepfan;kokonexu;Directed
HerrGurkepfan;RabbitEveryHour;Directed
HerrGurkepfan;dailydehyaa;Directed
HerrGurkepfan;PyonPyoncx;Directed
HerrGurkepfan;Kephrii;Directed
HerrGurkepfan;Rezey_ey;Directed
HerrGurkepfan;Crunchyroll;Directed
HerrGurkepfan;n0ted;Directed
HerrGurkepfan;DailySageWall;Directed
CelestLumina;nandemocreative;Directed
CelestLumina;kokonexu;Directed
CelestLumina;ichigowarano;Directed
CelestLumina;mausuya;Directed
CelestLumina;Dogface59085274;Directed
CelestLumina;saki8827_00;Directed
CelestLumina;TorinoAqua;Directed
CelestLumina;whgkdud_d;Directed
CelestLumina;namiirin_;Directed
xiao2750049002;xxxlalice1;Directed
c_01cos;JessMWoodward;Directed
c_01cos;CosplayUltra;Directed
c_01cos;harpnote;Directed
c_01cos;luvhaunt;Directed
c_01cos;pohutukosplay;Directed
OtomeEmblem;weylandyuutani;Directed
OtomeEmblem;Loony_b;Directed
OtomeEmblem;Nyx_Tiresias;Directed
OtomeEmblem;pinkywinkystars;Directed
OtomeEmblem;HoshinoHaruVT;Directed
OtomeEmblem;CharlottesCove;Directed
OtomeEmblem;studiotsutsu;Directed
studiotsutsu;VyeCos;Directed
studiotsutsu;tommoyang;Directed
studiotsutsu;jsjrosa;Directed
studiotsutsu;cala1019;Directed
studiotsutsu;emeraldlking;Directed
HenchwenchMakes;LukaDMurphy;Directed
HenchwenchMakes;VyeCos;Directed
HenchwenchMakes;Zaphrice;Directed
HenchwenchMakes;danielledebs;Directed
HenchwenchMakes;Seano332;Directed
Tankii;TheGemCosplay;Directed
Tankii;ESLAustralia;Directed
Tankii;DreamHack;Directed
Tankii;celestraen;Directed
Tankii;erangarangers;Directed
Tankii;brucelovesyou;Directed
Tankii;VyeCos;Directed
Tankii;Shadinski_7;Directed
Tankii;ArtistAffame;Directed
Tankii;votq_;Directed
tsuki_nonono;bonnie_3404;Directed
tsuki_nonono;itadaki_yasu;Directed
tsuki_nonono;Fenrishion;Directed
tsuki_nonono;OekakiTapioka;Directed
tsuki_nonono;momoshiki;Directed
tsuki_nonono;MyAndora;Directed
tsuki_nonono;rariemonn765;Directed
tsuki_nonono;Misamisatotomi;Directed
tsuki_nonono;shiinareii;Directed
tsuki_nonono;0utSpire;Directed
Miqoting;sakonlieur;Directed
Miqoting;radianthosts;Directed
Miqoting;anko_bun;Directed
Miqoting;snazzyseahorse;Directed
Miqoting;dreadwyrmsz;Directed
Miqoting;khaliun_dazkar;Directed
Miqoting;rowdydirtybun;Directed
Miqoting;orcusivanth;Directed
Miqoting;kanrakuen;Directed
kaelakovalskia;IchiyaIchimaru;Directed
kaelakovalskia;jasper_xandros;Directed
kaelakovalskia;kureijiollie;Directed
kaelakovalskia;anyamelfissa;Directed
YuuKaeya;Fawnrott;Directed
YuuKaeya;queen_barnes107;Directed
YuuKaeya;tadarii;Directed
YuuKaeya;BowHooHoo;Directed
YuuKaeya;WonderlandPlush;Directed
YuuKaeya;shrimpfryer;Directed
YuuKaeya;Hikari_Knight0;Directed
YuuKaeya;Starmiu_;Directed
YuuKaeya;fortyffirst;Directed
YuuKaeya;crispyscoliosis;Directed
YuuKaeya;pahingThu;Directed
YuuKaeya;hourlymalaytwt;Directed
YuuKaeya;mersmairse;Directed
YuuKaeya;hhhye_tw;Directed
Terry03tan;sakonlieur;Directed
Terry03tan;celexcity;Directed
Terry03tan;monk_kind;Directed
Terry03tan;VevWeebstar;Directed
Terry03tan;Aduare_rp;Directed
Terry03tan;sushi_171;Directed
Terry03tan;XliceTV;Directed
hafy_rotation;HORNYIMPACT_2;Directed
hafy_rotation;blaiddid;Directed
hafy_rotation;moraxhere;Directed
hafy_rotation;amalwitche;Directed
Raiden_Jay21;shadeofacat_;Directed
Raiden_Jay21;ibarra_ivan09_;Directed
Raiden_Jay21;charichi_;Directed
Raiden_Jay21;tnbeeat;Directed
ibarra_ivan09_;DesortZephyrias;Directed
ibarra_ivan09_;Bardopacotilla;Directed
ibarra_ivan09_;shadeofacat_;Directed
ibarra_ivan09_;Daviincii7;Directed
ibarra_ivan09_;galiindo13;Directed
ibarra_ivan09_;DescargarBot;Directed
ibarra_ivan09_;Estigarribiapy_;Directed
ibarra_ivan09_;Agustin079;Directed
ibarra_ivan09_;churrivazquez;Directed
ibarra_ivan09_;KdeKovaK;Directed
ibarra_ivan09_;iDanyTss;Directed
ibarra_ivan09_;JeanKitydesi;Directed
ibarra_ivan09_;KratosCule;Directed
ibarra_ivan09_;ZoeRexy;Directed
ibarra_ivan09_;Arriolaanoe;Directed
eywa__;doctor_zhubai;Directed
eywa__;ellievsbear;Directed
eywa__;lemoney_mango;Directed
eywa__;RihanMadeYou;Directed
eywa__;baizhuous;Directed
eywa__;Disabledimpact;Directed
eywa__;BLOX;Directed
eywa__;BaizhuMains;Directed
VanillBee;C0REZI;Directed
VanillBee;bbybluemochi;Directed
VanillBee;KittyCatCat7;Directed
VanillBee;syruubi;Directed
yourmommakinky;Cz_secretcorner;Directed
yourmommakinky;kleetih_;Directed
yourmommakinky;CloudFaramore;Directed
yourmommakinky;Rumaniala;Directed
yourmommakinky;BiGwang06914109;Directed
yourmommakinky;AkVE1XFcrwE9HJe;Directed
yourmommakinky;HimeHinghoi;Directed
yourmommakinky;octavientarbour;Directed
QilinxK;GenshinMemes;Directed
QilinxK;genshinmains_;Directed
QilinxK;Genshin_Intel;Directed
QilinxK;agu_knzm;Directed
QilinxK;xMoonlightchanx;Directed
QilinxK;Genshin_7;Directed
QilinxK;daily_yoimiya;Directed
QilinxK;Mrwhosetheboss;Directed
QilinxK;nothing;Directed
QilinxK;izumi000;Directed
QilinxK;vaako15;Directed
luz0ra;mothbugg;Directed
luz0ra;KishinShinobi;Directed
luz0ra;pockamune;Directed
luz0ra;ohaiyokaiyo;Directed
luz0ra;ItsTaell;Directed
luz0ra;bananyuu;Directed
mothbugg;TwistedButchVT;Directed
mothbugg;snipPIP_;Directed
mothbugg;rose_vtuber;Directed
SleepySage__;andouilles;Directed
SleepySage__;TonskiJb;Directed
SleepySage__;semirias;Directed
croweclipsa;TwistedButchVT;Directed
croweclipsa;nekoemimi;Directed
croweclipsa;aFletcherism;Directed
croweclipsa;AstrayCafe;Directed
croweclipsa;Jay_piepie;Directed
croweclipsa;FaeriSami;Directed
croweclipsa;mossbunnee;Directed
Sasukequeen3;LeeahQueen;Directed
Sasukequeen3;kookieshinobu;Directed
Sasukequeen3;arcaniice;Directed
Sasukequeen3;maxwffihst;Directed
Sasukequeen3;chuuyasflower;Directed
Sasukequeen3;focaimpact;Directed
Sasukequeen3;ThePokeRaf;Directed
Sasukequeen3;Wuthering_Waves;Directed
BraedennGames;SaraTheToddler;Directed
BraedennGames;mysunshine_ju;Directed
BraedennGames;ttc_ayato;Directed
BraedennGames;MrsAwwsum;Directed
BraedennGames;TotallyNotMeloo;Directed
BraedennGames;Average_Jonas;Directed
BraedennGames;3CraftySisters_;Directed
BraedennGames;sapphicabyss;Directed
HoshizoraOW;ChristalRaine;Directed
HoshizoraOW;BroYouWack;Directed
HoshizoraOW;Bisha_OW;Directed
HoshizoraOW;EvBenjamin;Directed
HoshizoraOW;PopCrave;Directed
HoshizoraOW;PhluffiVal;Directed
MidaHakiva;ChaoticClef;Directed
MidaHakiva;Teruko6~;Directed
MidaHakiva;Disalign;Directed
MidaHakiva;BakaKitten_VT;Directed
MidaHakiva;KaylieWitch;Directed
MidaHakiva;CamBoyAdvance;Directed
MidaHakiva;Teruko6;Directed
TheRogueEnergy;bethybee20;Directed
TheRogueEnergy;DizzyMissLiz_;Directed
TheRogueEnergy;eggy_bean;Directed
TheRogueEnergy;RogueEnergyGame;Directed
TheRogueEnergy;AmaliaSolaris;Directed
TheRogueEnergy;TheRogueEnergy;Directed
TheRogueEnergy;VixVoxFox;Directed
TheRogueEnergy;JoshDxly;Directed
WxnterHeartGirl;fpsCallum;Directed
WxnterHeartGirl;Mettlestate;Directed
WxnterHeartGirl;EEAesports;Directed
WxnterHeartGirl;Tsuki_ZA;Directed
WxnterHeartGirl;Demonix77x;Directed
WxnterHeartGirl;itsAuthorize;Directed
WxnterHeartGirl;PhoenixTears45;Directed
WxnterHeartGirl;helloward1234;Directed
WxnterHeartGirl;jamil_khosru;Directed
WxnterHeartGirl;arzybek2k;Directed
itzkeegz;SollyMalatsi;Directed
itzkeegz;Grant_za;Directed
itzkeegz;MisterFlak;Directed
itzkeegz;KMTcsgo;Directed
itzkeegz;Slollz;Directed
itzkeegz;iiitzSpiritz;Directed
itzkeegz;uhhspiritz;Directed
itzkeegz;Just_A_Ducking;Directed
itzkeegz;w_Mlabateki;Directed
smug_alana;Firebrand205;Directed
smug_alana;whooith;Directed
smug_alana;Evanit0;Directed
smug_alana;gohjoegamez;Directed
smug_alana;MightyKeef;Directed
smug_alana;skimoo__;Directed
smug_alana;ggalindo23;Directed
smug_alana;MFKR1996;Directed
smug_alana;DeadbyDaylight;Directed
smug_alana;ZeroELVS;Directed
smug_alana;crybabyVT;Directed
smug_alana;AmyDesuVT;Directed
_Junk_;NamielleKaimana;Directed
_Junk_;KaijuVTuberClip;Directed
_Junk_;himbo_supreme;Directed
_Junk_;MayaVtuber;Directed
_Junk_;ayuu_chii;Directed
_Junk_;shark_in_box18;Directed
_Junk_;BrownHasher;Directed
_Junk_;Hiokleo;Directed
official_throne;GiddyFlutist;Directed
official_throne;realKittyBreeze;Directed
official_throne;dragons4breakf1;Directed
official_throne;PantheraYuki;Directed
official_throne;Topsy_l;Directed
official_throne;orchidfoxy;Directed
official_throne;potionghoul;Directed
official_throne;SugarBeanxo;Directed
official_throne;KiraPRaptorGirl;Directed
official_throne;valvesoftware;Directed
official_throne;Alwayslawlzing;Directed
nandoida;guto26br;Directed
nandoida;toxicrusader;Directed
nandoida;freudiana_gamer;Directed
nandoida;Mic_Morty;Directed
nandoida;erdannf;Directed
nandoida;elgatoPT;Directed
nandoida;IsmaylliKun;Directed
nandoida;kiarhagio;Directed
nandoida;nyohlzz💖;Directed
TicklemypickIe4;__Potato__Lover;Directed
TicklemypickIe4;optimus_ow;Directed
TicklemypickIe4;spook_n_doodle;Directed
sf_Nerdy;lovelygilfs;Directed
sf_Nerdy;FIowerVolcano;Directed
sf_Nerdy;retro_wen;Directed
LaprasAndLucia;SandyK1LL;Directed
LaprasAndLucia;OWCavalry;Directed
LaprasAndLucia;Katogan42;Directed
LaprasAndLucia;rynodoesart;Directed
LaprasAndLucia;DragHoenight;Directed
LaprasAndLucia;NoContextHumans;Directed
LaprasAndLucia;kraandopOW;Directed
LaprasAndLucia;OW_Lounge;Directed
retro_wen;demonslayer9904;Directed
retro_wen;HLCstan;Directed
Junior_Junes;T_MidnightOtaku;Directed
Junior_Junes;ParadoxAkumu;Directed
Junior_Junes;ArataReplicant;Directed
Junior_Junes;TunaTunerFish;Directed
Junior_Junes;NinjaLions_;Directed
SnowWolf935;optimus_ow;Directed
SnowWolf935;LizAestheticTTV;Directed
SnowWolf935;Danger_Foxxx;Directed
SnowWolf935;OverwatchEU;Directed
SnowWolf935;TiTi8417blu;Directed
prodAbsono;Vul_arts;Directed
prodAbsono;YxngPxpsi;Directed
prodAbsono;Xeno_Em;Directed
prodAbsono;HollowRyuka;Directed
palkthepalk;ADigitalAxolotl;Directed
palkthepalk;DumbW0lfy;Directed
palkthepalk;S0ftpawss;Directed
palkthepalk;SpeciesSalad;Directed
HoYoFair_0;DoriMains;Directed
HoYoFair_0;KieruArt;Directed
HoYoFair_0;hoyofair;Directed
HoYoFair_0;csyday829;Directed
HoYoFair_0;Bibimbub15;Directed
Crunchyroll;benbevoicing;Directed
DoriMains;benbevoicing;Directed
DoriMains;windflowerlia;Directed
DoriMains;MurderofBirds_;Directed
DoriMains;ChrisHackneyGGK;Directed
DoriMains;merlin_impact;Directed
DoriMains;Kzalcaa;Directed
bot_RyukoKLK;klk_matoi_ryuko;Directed
bot_RyukoKLK;SANT0104;Directed
bot_RyukoKLK;__Ayukawa__;Directed
benbevoicing;MikeMcFarlandVA;Directed
benbevoicing;djalco_official;Directed
benbevoicing;KaggyFilms;Directed
windflowerlia;daeneryssed;Directed
windflowerlia;KawaiiRosez;Directed
MurderofBirds_;Calxiyn;Directed
MurderofBirds_;GemmellRomero;Directed
MurderofBirds_;dandy3000;Directed
ChrisHackneyGGK;eurie_namster;Directed
ChrisHackneyGGK;DawnMBennettVA;Directed
ChrisHackneyGGK;neumaverick;Directed
ChrisHackneyGGK;TamTu;Directed
ChrisHackneyGGK;BandaiNamcoUS;Directed
ChrisHackneyGGK;pokettopom;Directed
ChrisHackneyGGK;KaggyFilms;Directed
merlin_impact;HourlyFontaine;Directed
merlin_impact;dimbreath;Directed
merlin_impact;jaec;Directed
Kzalcaa;BattyWanderer;Directed
klk_matoi_ryuko;ええええええ?@Disney101590;Directed
klk_matoi_ryuko;Disney101590;Directed
klk_matoi_ryuko;KigOnTheBlock;Directed
klk_matoi_ryuko;Latiao_Studio;Directed
klk_matoi_ryuko;Tme_librian;Directed
klk_matoi_ryuko;coosent1;Directed
SANT0104;MilesFurry14;Directed
SANT0104;play_romero;Directed
SANT0104;Liberty0collect;Directed
SANT0104;Deathscythe124;Directed
SANT0104;AdiaLaNoFurra;Directed
SANT0104;MugiOzzyy;Directed
SANT0104;Reichikitafan0;Directed
SANT0104;KronosOmni;Directed
__Ayukawa__;semvalentoes;Directed
__Ayukawa__;pampammyh;Directed
__Ayukawa__;MishashiOFC;Directed
__Ayukawa__;R0nih;Directed
__Ayukawa__;DaviLouis03;Directed
__Ayukawa__;DuuduAizza;Directed
__Ayukawa__;AkemySama;Directed
__Ayukawa__;suppaily;Directed
__Ayukawa__;charope_14;Directed
__Ayukawa__;Tsukver;Directed
__Ayukawa__;gostosas2d;Directed
Saber893;ickoriss;Directed
YuriAdmiral;SummerKiyohime;Directed
YuriAdmiral;Kevin11dolla;Directed
YuriAdmiral;CallofSpacey;Directed
YuriAdmiral;kyotoalt;Directed
YuriAdmiral;HueSweets;Directed
YuriAdmiral;Reinbou23;Directed
TheMashStan;LFVBF_II;Directed
TheMashStan;KingTheGalaxy28;Directed
TheMashStan;NahimanaRaoul;Directed
TheMashStan;Leonard98080600;Directed
TheMashStan;KuriimuTenshi;Directed
TheMashStan;ziranamnamsu;Directed
TheMashStan;blueberrykuros;Directed
Pan_2950;BlockedForReal;Directed
Pan_2950;NahimanaRaoul;Directed
Pan_2950;Leonard98080600;Directed
Pan_2950;veenamell;Directed
Pan_2950;JuniorGP19;Directed
Pan_2950;LastationCPU;Directed
Pan_2950;Cent_5759;Directed
Pan_2950;Wyyyrd;Directed
Pan_2950;Baqua_IsCute;Directed
Pan_2950;GrandDreamr;Directed
Pan_2950;Kuragi_Tutu;Directed
Pan_2950;NyxN_Nova;Directed
Pan_2950;Mango57z;Directed
Pan_2950;PlaiasuIustin;Directed
Pan_2950;eleven_christin;Directed
Pan_2950;Loritwt;Directed
Pan_2950;sebaschavezg1;Directed
SirPridam;zSolaire_;Directed
SirPridam;OniFunashu;Directed
SirPridam;kizu_skip;Directed
SirPridam;OncoMouse37;Directed
SirPridam;Monkey_D_Ren;Directed
astraychicken;JackWasGone;Directed
astraychicken;Balam_R88;Directed
astraychicken;E_Ixion;Directed
astraychicken;KMNST1206;Directed
astraychicken;trashochist;Directed
astraychicken;memeyey;Directed
astraychicken;tansuigyosan;Directed
TrashRadio_;EminemKanye;Directed
TrashRadio_;echrell;Directed
TrashRadio_;Aristos_Revenge;Directed
SummerKiyohime;Deviljaw2;Directed
SummerKiyohime;JackWasGone;Directed
SummerKiyohime;ArkantosViera;Directed
SummerKiyohime;DarkPrincessVA;Directed
SummerKiyohime;Genki_Yowchi;Directed
SummerKiyohime;Reimu_Kumagai;Directed
SummerKiyohime;Monster;Directed
CrimsonKama020;PlaiasuIustin;Directed
Wyyyrd;veenamell;Directed
Wyyyrd;LastationCPU;Directed
Wyyyrd;Cent_5759;Directed
Wyyyrd;Baqua_IsCute;Directed
Wyyyrd;GrandDreamr;Directed
Wyyyrd;Pddng_;Directed
JackWasGone;NahimanaRaoul;Directed
JackWasGone;Leonard98080600;Directed
Balam_R88;KingTheGalaxy28;Directed
Marinwooooo;HysokaG;Directed
Marinwooooo;dudemire6;Directed
Marinwooooo;yareyaredazs;Directed
Marinwooooo;SuruEien;Directed
Marinwooooo;sydokiller;Directed
Marinwooooo;ADNanime;Directed
kibousenpai;Blender_465;Directed
kibousenpai;Suntube4;Directed
kibousenpai;kamone1006;Directed
kibousenpai;cyclicpainter62;Directed
kibousenpai;RealDarkMango;Directed
kibousenpai;Mango57z;Directed
SKLoftwt;KEiiCS;Directed
SKLoftwt;dailyjacuzza;Directed
SKLoftwt;Nery75059746;Directed
SKLoftwt;SamSam240687426;Directed
SKLoftwt;LosPollosAmogus;Directed
SKLoftwt;crim_tweets_;Directed
SKLoftwt;ReverendClown;Directed
SKLoftwt;chase73745661;Directed
SKLoftwt;Furudo_cra;Directed
SKLoftwt;orrwatr;Directed
SKLoftwt;howlonginthebox;Directed
BlockedForReal;bananaleaffan;Directed
BlockedForReal;SomtoRequiem;Directed
BlockedForReal;yash000010;Directed
BlockedForReal;NotARaccoon_Dog;Directed
BlockedForReal;LFVBF_II;Directed
BlockedForReal;Mistymoonpillar;Directed
BlockedForReal;Regike_;Directed
BlockedForReal;chrisbelair2;Directed
SuruEien;Kuragi_Tutu;Directed
Mango57z;NyxN_Nova;Directed
Mango57z;NathaDBSZ;Directed
Mango57z;shaftedviolet;Directed
Mango57z;ieatcars;Directed
LFVBF_II;Dan_Indoril;Directed
LFVBF_II;snc_aexus;Directed
LFVBF_II;PlaiasuIustin;Directed
c01a_;Barley_Juice_;Directed
c01a_;Gelgumi;Directed
c01a_;otteraisu;Directed
c01a_;Coffeeecake;Directed
c01a_;kirvias;Directed
c01a_;Lucifroz;Directed
ArtTheGaleWind;itsPlasma06;Directed
ArtTheGaleWind;Starjeti;Directed
ArtTheGaleWind;ThunderTheDevil;Directed
ArtTheGaleWind;Remellu;Directed
ArtTheGaleWind;tantalnight;Directed
ArtTheGaleWind;tornado_arts;Directed
ArtTheGaleWind;AudrieGreywind;Directed
GuyNamedCreep;etherliteshuuki;Directed
GuyNamedCreep;MiniGold_;Directed
GuyNamedCreep;boo_womp39;Directed
GuyNamedCreep;Kingfrost3131;Directed
GuyNamedCreep;L_Slippin;Directed
GuyNamedCreep;DinocoTyler;Directed
GuyNamedCreep;hydechiko;Directed
GuyNamedCreep;bigbiracialnuts;Directed
redonkled;Bonpland;Directed
redonkled;enotich_art;Directed
redonkled;Dan_Indoril;Directed
redonkled;Luksss84;Directed
redonkled;yuri4k;Directed
siegusto;rohano__;Directed
siegusto;Dan_Indoril;Directed
siegusto;typemoonline;Directed
siegusto;AzulTori;Directed
prototypell;PlaiasuIustin;Directed
ickoriss;thetimtalksalot;Directed
ickoriss;TheBrazenNinja;Directed
ickoriss;OopSteals;Directed
ickoriss;VilifiedPeanut;Directed
Kevin11dolla;YasuVaux;Directed
Kevin11dolla;ibo_hke;Directed
Kevin11dolla;MedosDmed;Directed
Kevin11dolla;vivsnad;Directed
Kevin11dolla;retsback;Directed
Kevin11dolla;Kuro41417881;Directed
CallofSpacey;CHEZPHOTO;Directed
CallofSpacey;kyatorincos;Directed
CallofSpacey;100gecs;Directed
CallofSpacey;KaliKazahana;Directed
CallofSpacey;jeffreyKoval;Directed
kyotoalt;NyxN_Nova;Directed
kyotoalt;Tohsakastwin;Directed
kyotoalt;Soullovv;Directed
kyotoalt;Alic3Crow3;Directed
HueSweets;ElroidTiereon;Directed
HueSweets;SetsuraYuki_V;Directed
HueSweets;Rabaccc1;Directed
HueSweets;KaroshiMyriad;Directed
HueSweets;bovibaee;Directed
HueSweets;alchemitxt;Directed
HueSweets;OrwellNGoode;Directed
Reinbou23;unlimitedsaturn;Directed
Reinbou23;OmoshiriVinsmok;Directed
Reinbou23;mustaculiao;Directed
Reinbou23;OfAthenry;Directed
Reinbou23;Ezio0181;Directed
Reinbou23;EsdeProfugos;Directed
Reinbou23;433;Directed
Reinbou23;SalinasPerucho;Directed
Reinbou23;waifudeboca;Directed
NyxN_Nova;NahimanaRaoul;Directed
NyxN_Nova;Lanu__;Directed
NyxN_Nova;TokoshiAdam;Directed
NyxN_Nova;MudkipDespair;Directed
NyxN_Nova;shaftedviolet;Directed
NyxN_Nova;NathaDBSZ;Directed
KingTheGalaxy28;brushofvulpes;Directed
KingTheGalaxy28;TokoshiAdam;Directed
KingTheGalaxy28;Pollnareph;Directed
KingTheGalaxy28;Laziest_Void;Directed
KingTheGalaxy28;dailybbsummer;Directed
NahimanaRaoul;NathaDBSZ;Directed
NahimanaRaoul;NeenLevi;Directed
NahimanaRaoul;TokoshiAdam;Directed
NahimanaRaoul;ieatcars;Directed
NahimanaRaoul;digitblade;Directed
NahimanaRaoul;nanaya_gaming;Directed
NahimanaRaoul;blueberrykuros;Directed
NahimanaRaoul;JuniorGP19;Directed
NahimanaRaoul;PlaiasuIustin;Directed
Leonard98080600;exvvvy;Directed
Leonard98080600;SwordOfTheBone;Directed
Leonard98080600;MuhDream;Directed
Leonard98080600;CodyGahara;Directed
Leonard98080600;Peters_Backup;Directed
KuriimuTenshi;Lemonylewder;Directed
KuriimuTenshi;Leuk0s;Directed
KuriimuTenshi;AfiliaAssela;Directed
KuriimuTenshi;Jameslikesegg;Directed
KuriimuTenshi;IllegalIncel;Directed
KuriimuTenshi;MarfaKrogell;Directed
KuriimuTenshi;Coppelia_Vtuber;Directed
KuriimuTenshi;ChanceEmergency;Directed
KuriimuTenshi;Im_Iconix;Directed
KuriimuTenshi;culturedniichan;Directed
ziranamnamsu;ceaselesslxst;Directed
ziranamnamsu;Pollnareph;Directed
ziranamnamsu;MrMaxus75;Directed
ziranamnamsu;Redguy29750213;Directed
blueberrykuros;TheyLuvKage;Directed
blueberrykuros;ichigod22;Directed
blueberrykuros;the_dingler_;Directed
blueberrykuros;iamkingzoe;Directed
blueberrykuros;Muipunzel;Directed
blueberrykuros;Shirou8492;Directed
blueberrykuros;sarah_vibezzz_;Directed
blueberrykuros;Shrift0A;Directed
blueberrykuros;Ezarby;Directed
blueberrykuros;PeekABooSunset;Directed
blueberrykuros;cloud__alter;Directed
TokoshiAdam;Cent_5759;Directed
TokoshiAdam;Kuragi_Tutu;Directed
Pollnareph;PlaiasuIustin;Directed
SwordOfTheBone;sebaschavezg1;Directed
veenamell;LabsOfSorrow;Directed
veenamell;doukan_boss;Directed
veenamell;Cent_5759;Directed
JuniorGP19;_bordelinda_;Directed
JuniorGP19;mateiformiga;Directed
JuniorGP19;DiobrandoP;Directed
JuniorGP19;dot_zack;Directed
JuniorGP19;johnnyoutlaw98;Directed
JuniorGP19;AKiraBrega;Directed
JuniorGP19;K0braKing;Directed
LastationCPU;Pddng_;Directed
LastationCPU;Baqua_IsCute;Directed
LastationCPU;GrandDreamr;Directed
LastationCPU;Cent_5759;Directed
Cent_5759;Baqua_IsCute;Directed
Cent_5759;GrandDreamr;Directed
Cent_5759;BroJmiah;Directed
Cent_5759;privaterumor;Directed
Cent_5759;MANJOUMEITUP;Directed
Cent_5759;Pddng_;Directed
Cent_5759;Tohabisha;Directed
Cent_5759;JustMochi_;Directed
Cent_5759;CEOMahiro;Directed
Baqua_IsCute;GrandDreamr;Directed
Baqua_IsCute;Pddng_;Directed
GrandDreamr;Pddng_;Directed
Kuragi_Tutu;pGtWv3JpGtaorwP;Directed
Kuragi_Tutu;AnugrahHusni;Directed
Kuragi_Tutu;YayOrbs;Directed
Kuragi_Tutu;sunflowercroshy;Directed
PlaiasuIustin;blue_angel330;Directed
PlaiasuIustin;RSKDJT;Directed
PlaiasuIustin;ColeAlek;Directed
PlaiasuIustin;zarias_ars;Directed
PlaiasuIustin;eleven_christin;Directed
PlaiasuIustin;toast_rising;Directed
eleven_christin;kareemhatepage;Directed
eleven_christin;kss_bh;Directed
eleven_christin;Keanon01543308;Directed
eleven_christin;DogOfCitrus;Directed
eleven_christin;Hachikyuuji;Directed
eleven_christin;CEOofToLoveRu;Directed
eleven_christin;codymiddleton98;Directed
eleven_christin;SAlle1304;Directed
eleven_christin;vidsthatgohard;Directed
eleven_christin;smxkeylight;Directed
eleven_christin;SmailHK5;Directed
eleven_christin;ShugraQuasarFGO;Directed
eleven_christin;MegumiBandicot;Directed
Loritwt;Killakobes360;Directed
Loritwt;jskflgkl;Directed
Loritwt;s33rofheart;Directed
Loritwt;KisekiNoRudy;Directed
Loritwt;choooomp;Directed
Loritwt;comfyyurucamper;Directed
sebaschavezg1;BattleObsessed;Directed
sebaschavezg1;YuGiOhAnonymous;Directed
sebaschavezg1;PurplePadlock;Directed
sebaschavezg1;VioletEyesWTF;Directed
sebaschavezg1;SkarlonYGO;Directed
sebaschavezg1;direYGO;Directed
sebaschavezg1;Eva_Lees_;Directed
sebaschavezg1;axia_chan;Directed
sebaschavezg1;Malarkey_Jones;Directed
sebaschavezg1;Motionstahp;Directed
trimara13;RisetteMD;Directed
trimara13;Patrick12074;Directed
trimara13;sarahthemoose;Directed
trimara13;lolacoaster;Directed
trimara13;marycatherinecr;Directed
trimara13;roxiqt;Directed
trimara13;voldemorgoret;Directed
trimara13;JenLuvsReviews;Directed
trimara13;DarkcerbShaun;Directed
Patrick12074;ghirapurigears;Directed
Patrick12074;Bulbagarden;Directed
Patrick12074;danaroach;Directed
Patrick12074;PleasantKenobi;Directed
Patrick12074;JosephMSchultz;Directed
Patrick12074;NitpickingNerds;Directed
Patrick12074;epicdndmemes;Directed
Patrick12074;NumbNexus;Directed
Patrick12074;Ravnican_Artist;Directed
RisetteMD;LoriStockhausen;Directed
RisetteMD;porscheFanNYC;Directed
RisetteMD;ParkerMolloy;Directed
RisetteMD;NRO;Directed
RisetteMD;madeleinekearns;Directed
RisetteMD;SpencerRoachFL;Directed
RisetteMD;GreeneFiona;Directed
RisetteMD;MenckenWasRight;Directed
sarahthemoose;thelionmachine;Directed
sarahthemoose;FromTheHeartPNW;Directed
lolacoaster;IsaacFitzgerald;Directed
lolacoaster;aandeandval;Directed
lolacoaster;D_Rowell22;Directed
lolacoaster;ohits_sundrop;Directed
lolacoaster;8thgen;Directed
lolacoaster;BrieHubble;Directed
lolacoaster;remyreedy;Directed
marycatherinecr;eric_faler;Directed
marycatherinecr;mirrormerecos;Directed
marycatherinecr;mxtth3wx;Directed
marycatherinecr;gizordinree;Directed
roxiqt;RobDenBleyker;Directed
roxiqt;briggityboppity;Directed
roxiqt;CdyRnkn;Directed
roxiqt;caithuls;Directed
roxiqt;clintoris;Directed
roxiqt;muchnerve;Directed
roxiqt;Buffalojilll;Directed
roxiqt;jefferson1simon;Directed
roxiqt;kirawontmiss;Directed
roxiqt;yahkinwow;Directed
roxiqt;devan_rosser;Directed
roxiqt;vickorano;Directed
voldemorgoret;chronicallybeee;Directed
voldemorgoret;dizzydizzydazed;Directed
voldemorgoret;illingston;Directed
JenLuvsReviews;TheRegularGirlT;Directed
JenLuvsReviews;MetamorphosisRx;Directed
JenLuvsReviews;JenniferFord79;Directed
JenLuvsReviews;MephistoAngel7;Directed
JenLuvsReviews;yassofroyo;Directed
JenLuvsReviews;ChristnNitemare;Directed
JenLuvsReviews;robertoblake;Directed
DarkcerbShaun;JUNlPER;Directed
DarkcerbShaun;TacticalLizard;Directed
DarkcerbShaun;tallntran;Directed
DarkcerbShaun;SailorUrectum;Directed
ghirapurigears;BoThekidd;Directed
ghirapurigears;ChiStyleGaming;Directed
ghirapurigears;goberthicks;Directed
ghirapurigears;ManaCurves;Directed
ghirapurigears;hotpockets;Directed
ghirapurigears;thebrbguy;Directed
ghirapurigears;AndrewRadespiel;Directed
ghirapurigears;uselessNolage;Directed
ghirapurigears;kstandish42;Directed
ghirapurigears;HuMurphy365;Directed
ghirapurigears;LordKaiju_2;Directed
ghirapurigears;CoolStuffInc,;Directed
Bulbagarden;rupertbutreally;Directed
Bulbagarden;KenIsRedd;Directed
Bulbagarden;hemsp11;Directed
Bulbagarden;PokemnNerd;Directed
Bulbagarden;PokemonTCGUK;Directed
Bulbagarden;Bulbapedia;Directed
danaroach;cableb4;Directed
danaroach;CCOBrando;Directed
danaroach;MTGRUG;Directed
danaroach;RBGolbat;Directed
danaroach;toozin_;Directed
PleasantKenobi;xmies23;Directed
PleasantKenobi;PierpaOnizuka;Directed
PleasantKenobi;Xepscern;Directed
PleasantKenobi;SaffronOlive;Directed
PleasantKenobi;ted_hinkle;Directed
PleasantKenobi;_boundless_arts;Directed
PleasantKenobi;rain_endles;Directed
JosephMSchultz;BengineeringTV;Directed
JosephMSchultz;VoxyTwitch;Directed
JosephMSchultz;TolarianCollege;Directed
JosephMSchultz;BudgetCommander;Directed
JosephMSchultz;TFC_MTG;Directed
JosephMSchultz;MegaMagikarp_YT;Directed
JosephMSchultz;WeekesPrincess;Directed
JosephMSchultz;LennyWooley;Directed
JosephMSchultz;generalspeak;Directed
JosephMSchultz;ErinusTV;Directed
NitpickingNerds;TideTCG;Directed
NitpickingNerds;pyrosniper1999;Directed
NitpickingNerds;golgariguy;Directed
NitpickingNerds;Trentyn907;Directed
NitpickingNerds;toglerog;Directed
NitpickingNerds;KyleOnAMission;Directed
NitpickingNerds;coL_AliasV;Directed
NitpickingNerds;SheldonMenery;Directed
NitpickingNerds;covertgoblue;Directed
NitpickingNerds;TeferiMagic;Directed
NitpickingNerds;MTGNerdGirl;Directed
NitpickingNerds;AndreGarciaArt;Directed
NitpickingNerds;CoolStuffInc;Directed
NitpickingNerds;metswc;Directed
NitpickingNerds;cfusionpm;Directed
NitpickingNerds;DaxFTR;Directed
NumbNexus;JaidenAnimation;Directed
NumbNexus;bunnielesbian;Directed
NumbNexus;theSupremeRk9s;Directed
NumbNexus;hastygloom;Directed
NumbNexus;PragMagiks;Directed
NumbNexus;Lewchube;Directed
NumbNexus;SBCoop89;Directed
NumbNexus;WolfeyGlick;Directed
NumbNexus;pChalTV;Directed
NumbNexus;Touyarokii;Directed
NumbNexus;LindzVidzz;Directed
Ravnican_Artist;angelssovereign;Directed
Ravnican_Artist;SongbirdDiamond;Directed
Ravnican_Artist;SwankertonLG;Directed
Ravnican_Artist;MCUPerfectGifs;Directed
Ravnican_Artist;PGFXKiu;Directed
Ravnican_Artist;CarbonLich;Directed
Ravnican_Artist;golgariguy;Directed
Ravnican_Artist;spacebeleren;Directed
Ravnican_Artist;Kesswylie;Directed
Ravnican_Artist;LnkMxwl;Directed
Ravnican_Artist;Naya_Affairs;Directed
